{"cameraMode":{"drawMode":0,"name":"Shaded","section":"Shading Mode"},"sceneLighting":false,"audioPlay":false,"sceneViewState":{"m_AlwaysRefresh":false,"showFog":true,"showSkybox":false,"showFlares":true,"showImageEffects":true,"showParticleSystems":true,"showVisualEffectGraphs":true,"m_FxEnabled":true},"in2DMode":false,"pivot":{"x":2.424086570739746,"y":0.9617293477058411,"z":0.05770541727542877},"rotation":{"x":-0.1092492938041687,"y":-0.4059199392795563,"z":0.04894569516181946,"w":-0.9060351848602295},"size":3.2879462242126467,"orthographic":true}