{"cameraMode":{"drawMode":0,"name":"Shaded","section":"Shading Mode"},"sceneLighting":false,"audioPlay":false,"sceneViewState":{"m_AlwaysRefresh":false,"showFog":true,"showSkybox":false,"showFlares":true,"showImageEffects":true,"showParticleSystems":true,"showVisualEffectGraphs":true,"m_FxEnabled":true},"in2DMode":false,"pivot":{"x":-0.06062626838684082,"y":0.626776933670044,"z":0.34894874691963198},"rotation":{"x":0.2230435311794281,"y":-0.6721131801605225,"z":0.22320982813835145,"w":0.669994056224823},"size":0.9610093235969544,"orthographic":true}