{"cameraMode":{"drawMode":0,"name":"Shaded","section":"Shading Mode"},"sceneLighting":false,"audioPlay":false,"sceneViewState":{"m_AlwaysRefresh":false,"showFog":true,"showSkybox":false,"showFlares":true,"showImageEffects":true,"showParticleSystems":true,"showVisualEffectGraphs":true,"m_FxEnabled":true},"in2DMode":false,"pivot":{"x":-0.06062626838684082,"y":0.626776933670044,"z":0.34894874691963198},"rotation":{"x":0.06945625692605972,"y":-0.9114025831222534,"z":0.36817890405654909,"w":0.17080619931221009},"size":1.7030969858169556,"orthographic":true}