{"cameraMode":{"drawMode":0,"name":"Shaded","section":"Shading Mode"},"sceneLighting":false,"audioPlay":false,"sceneViewState":{"m_AlwaysRefresh":false,"showFog":true,"showSkybox":false,"showFlares":true,"showImageEffects":true,"showParticleSystems":true,"showVisualEffectGraphs":true,"m_FxEnabled":true},"in2DMode":false,"pivot":{"x":-0.4634518623352051,"y":10.337732315063477,"z":-6.416879653930664},"rotation":{"x":0.3027151823043823,"y":-0.0035838508047163488,"z":0.0003741867549251765,"w":0.9531945586204529},"size":20.931325912475587,"orthographic":true}