{"cameraMode":{"drawMode":0,"name":"Shaded","section":"Shading Mode"},"sceneLighting":false,"audioPlay":false,"sceneViewState":{"m_AlwaysRefresh":false,"showFog":true,"showSkybox":false,"showFlares":true,"showImageEffects":true,"showParticleSystems":true,"showVisualEffectGraphs":true,"m_FxEnabled":true},"in2DMode":false,"pivot":{"x":-0.4634518623352051,"y":10.337732315063477,"z":-6.416879653930664},"rotation":{"x":0.29123058915138247,"y":-0.01506954338401556,"z":0.003823342500254512,"w":0.956646203994751},"size":20.931325912475587,"orthographic":true}