{"cameraMode":{"drawMode":0,"name":"Shaded","section":"Shading Mode"},"sceneLighting":false,"audioPlay":false,"sceneViewState":{"m_AlwaysRefresh":false,"showFog":true,"showSkybox":false,"showFlares":true,"showImageEffects":true,"showParticleSystems":true,"showVisualEffectGraphs":true,"m_FxEnabled":true},"in2DMode":false,"pivot":{"x":0.14254452288150788,"y":0.5822152495384216,"z":0.00933016836643219},"rotation":{"x":0.0823882445693016,"y":0.020926833152770997,"z":-0.0017302187625318766,"w":0.9963809847831726},"size":1.118481159210205,"orthographic":false}