{"cameraMode":{"drawMode":0,"name":"Shaded","section":"Shading Mode"},"sceneLighting":false,"audioPlay":false,"sceneViewState":{"m_AlwaysRefresh":false,"showFog":true,"showSkybox":false,"showFlares":true,"showImageEffects":true,"showParticleSystems":true,"showVisualEffectGraphs":true,"m_FxEnabled":true},"in2DMode":false,"pivot":{"x":-0.024134933948516847,"y":2.134214401245117,"z":0.0014452338218688965},"rotation":{"x":0.027000248432159425,"y":0.0036370030138641598,"z":-0.0003599297197069973,"w":0.9997266530990601},"size":1.6988909244537354,"orthographic":true}