{"cameraMode":{"drawMode":0,"name":"Shaded","section":"Shading Mode"},"sceneLighting":false,"audioPlay":false,"sceneViewState":{"m_AlwaysRefresh":false,"showFog":true,"showSkybox":false,"showFlares":true,"showImageEffects":true,"showParticleSystems":true,"showVisualEffectGraphs":true,"m_FxEnabled":true},"in2DMode":false,"pivot":{"x":0.08325432240962982,"y":0.6029239892959595,"z":0.07422149181365967},"rotation":{"x":-0.20258750021457673,"y":0.5382384657859802,"z":-0.1351434588432312,"w":-0.8068442344665527},"size":1.3899012804031373,"orthographic":true}