{"cameraMode":{"drawMode":0,"name":"Shaded","section":"Shading Mode"},"sceneLighting":false,"audioPlay":false,"sceneViewState":{"m_AlwaysRefresh":false,"showFog":true,"showSkybox":false,"showFlares":true,"showImageEffects":true,"showParticleSystems":true,"showVisualEffectGraphs":true,"m_FxEnabled":true},"in2DMode":false,"pivot":{"x":0.0029382705688476564,"y":0.6526273488998413,"z":-0.00007335841655731201},"rotation":{"x":-0.1092492938041687,"y":-0.4059199392795563,"z":0.04894569516181946,"w":-0.9060351848602295},"size":0.26496708393096926,"orthographic":true}