{"cameraMode":{"drawMode":0,"name":"Shaded","section":"Shading Mode"},"sceneLighting":false,"audioPlay":false,"sceneViewState":{"m_AlwaysRefresh":false,"showFog":true,"showSkybox":false,"showFlares":true,"showImageEffects":true,"showParticleSystems":true,"showVisualEffectGraphs":true,"m_FxEnabled":true},"in2DMode":false,"pivot":{"x":0.5510368347167969,"y":0.8473058342933655,"z":0.5665153861045837},"rotation":{"x":0.21655027568340302,"y":-0.08135246485471726,"z":0.01776663027703762,"w":0.972817599773407},"size":2.7011399269104006,"orthographic":true}