{"cameraMode":{"drawMode":0,"name":"Shaded","section":"Shading Mode"},"sceneLighting":false,"audioPlay":false,"sceneViewState":{"m_AlwaysRefresh":false,"showFog":true,"showSkybox":false,"showFlares":true,"showImageEffects":true,"showParticleSystems":true,"showVisualEffectGraphs":true,"m_FxEnabled":true},"in2DMode":false,"pivot":{"x":0.011753082275390625,"y":2.6105093955993654,"z":-0.00029343366622924805},"rotation":{"x":0.028495047241449357,"y":0.00899628084152937,"z":-0.00025643681874498725,"w":0.9995545744895935},"size":1.059868335723877,"orthographic":true}