{"cameraMode":{"drawMode":0,"name":"Shaded","section":"Shading Mode"},"sceneLighting":false,"audioPlay":false,"sceneViewState":{"m_AlwaysRefresh":false,"showFog":true,"showSkybox":false,"showFlares":true,"showImageEffects":true,"showParticleSystems":true,"showVisualEffectGraphs":true,"m_FxEnabled":true},"in2DMode":false,"pivot":{"x":0.06477785110473633,"y":2.152803421020508,"z":-0.18177825212478639},"rotation":{"x":0.02236087992787361,"y":-0.9779601097106934,"z":0.15526579320430757,"w":0.1385120451450348},"size":3.4493496417999269,"orthographic":true}