{"cameraMode":{"drawMode":0,"name":"Shaded","section":"Shading Mode"},"sceneLighting":false,"audioPlay":false,"sceneViewState":{"m_AlwaysRefresh":false,"showFog":true,"showSkybox":false,"showFlares":true,"showImageEffects":true,"showParticleSystems":true,"showVisualEffectGraphs":true,"m_FxEnabled":true},"in2DMode":false,"pivot":{"x":-0.27320000529289248,"y":1.3752731084823609,"z":-0.42646658420562746},"rotation":{"x":-0.24642314016819,"y":-0.009888144209980965,"z":0.0025159078650176527,"w":-0.9691118597984314},"size":5.199767112731934,"orthographic":true}