{"cameraMode":{"drawMode":0,"name":"Shaded","section":"Shading Mode"},"sceneLighting":false,"audioPlay":false,"sceneViewState":{"m_AlwaysRefresh":false,"showFog":true,"showSkybox":false,"showFlares":true,"showImageEffects":true,"showParticleSystems":true,"showVisualEffectGraphs":true,"m_FxEnabled":true},"in2DMode":false,"pivot":{"x":0.0029382705688476564,"y":0.6526273488998413,"z":-7.000073432922363},"rotation":{"x":0.02099905163049698,"y":0.0015007664915174246,"z":-0.00006866773765068501,"w":0.999805748462677},"size":0.2649669945240021,"orthographic":true}