{"cameraMode":{"drawMode":0,"name":"Shaded","section":"Shading Mode"},"sceneLighting":false,"audioPlay":false,"sceneViewState":{"m_AlwaysRefresh":false,"showFog":true,"showSkybox":false,"showFlares":true,"showImageEffects":true,"showParticleSystems":true,"showVisualEffectGraphs":true,"m_FxEnabled":true},"in2DMode":false,"pivot":{"x":-2.4252700805664064,"y":-0.05257129669189453,"z":0.6432112455368042},"rotation":{"x":-0.04504396766424179,"y":0.9553426504135132,"z":-0.20956172049045564,"w":-0.2039024531841278},"size":5.088479995727539,"orthographic":true}