{"cameraMode":{"drawMode":0,"name":"Shaded","section":"Shading Mode"},"sceneLighting":false,"audioPlay":false,"sceneViewState":{"m_AlwaysRefresh":false,"showFog":true,"showSkybox":false,"showFlares":true,"showImageEffects":true,"showParticleSystems":true,"showVisualEffectGraphs":true,"m_FxEnabled":true},"in2DMode":false,"pivot":{"x":-0.23090949654579163,"y":0.5686475038528442,"z":-1.1355420351028443},"rotation":{"x":-0.00043276287033222616,"y":0.999764084815979,"z":-0.025499967858195306,"w":-0.004835502244532108},"size":3.0601649284362795,"orthographic":true}