{"cameraMode":{"drawMode":0,"name":"Shaded","section":"Shading Mode"},"sceneLighting":false,"audioPlay":false,"sceneViewState":{"m_AlwaysRefresh":false,"showFog":true,"showSkybox":false,"showFlares":true,"showImageEffects":true,"showParticleSystems":true,"showVisualEffectGraphs":true,"m_FxEnabled":true},"in2DMode":false,"pivot":{"x":0.9063401222229004,"y":1.9246702194213868,"z":-0.14797765016555787},"rotation":{"x":0.000268546340521425,"y":0.9838438034057617,"z":-0.17902950942516328,"w":0.0014757559401914478},"size":4.310238838195801,"orthographic":true}