{"cameraMode":{"drawMode":0,"name":"Shaded","section":"Shading Mode"},"sceneLighting":false,"audioPlay":false,"sceneViewState":{"m_AlwaysRefresh":false,"showFog":true,"showSkybox":false,"showFlares":true,"showImageEffects":true,"showParticleSystems":true,"showVisualEffectGraphs":true,"m_FxEnabled":true},"in2DMode":false,"pivot":{"x":0.013334810733795166,"y":3.809647560119629,"z":-0.585405170917511},"rotation":{"x":-0.04504396766424179,"y":0.9553426504135132,"z":-0.20956172049045564,"w":-0.2039024531841278},"size":2.655963897705078,"orthographic":true}