{"cameraMode":{"drawMode":0,"name":"Shaded","section":"Shading Mode"},"sceneLighting":false,"audioPlay":false,"sceneViewState":{"m_AlwaysRefresh":false,"showFog":true,"showSkybox":false,"showFlares":true,"showImageEffects":true,"showParticleSystems":true,"showVisualEffectGraphs":true,"m_FxEnabled":true},"in2DMode":false,"pivot":{"x":2.9302854537963869,"y":6.695309638977051,"z":-9.536230087280274},"rotation":{"x":0.035982538014650348,"y":0.023983005434274675,"z":-0.0008904325077310205,"w":0.9990894794464111},"size":15.50103759765625,"orthographic":true}