{"cameraMode":{"drawMode":0,"name":"Shaded","section":"Shading Mode"},"sceneLighting":false,"audioPlay":false,"sceneViewState":{"m_AlwaysRefresh":false,"showFog":true,"showSkybox":false,"showFlares":true,"showImageEffects":true,"showParticleSystems":true,"showVisualEffectGraphs":true,"m_FxEnabled":true},"in2DMode":false,"pivot":{"x":1.5113866329193116,"y":10.621328353881836,"z":-5.553175449371338},"rotation":{"x":0.19817136228084565,"y":-0.01176795270293951,"z":0.0023391414433717729,"w":0.980122983455658},"size":7.8941779136657719,"orthographic":true}