{"cameraMode":{"drawMode":0,"name":"Shaded","section":"Shading Mode"},"sceneLighting":false,"audioPlay":false,"sceneViewState":{"m_AlwaysRefresh":false,"showFog":true,"showSkybox":false,"showFlares":true,"showImageEffects":true,"showParticleSystems":true,"showVisualEffectGraphs":true,"m_FxEnabled":true},"in2DMode":false,"pivot":{"x":0.26320981979370119,"y":2.1950905323028566,"z":-1.4540823698043824},"rotation":{"x":-0.05236097797751427,"y":0.06615594029426575,"z":-0.003476514248177409,"w":-0.996430516242981},"size":2.86000394821167,"orthographic":true}