{"cameraMode":{"drawMode":0,"name":"Shaded","section":"Shading Mode"},"sceneLighting":false,"audioPlay":false,"sceneViewState":{"m_AlwaysRefresh":false,"showFog":true,"showSkybox":false,"showFlares":true,"showImageEffects":true,"showParticleSystems":true,"showVisualEffectGraphs":true,"m_FxEnabled":true},"in2DMode":false,"pivot":{"x":0.5510368347167969,"y":0.8509771823883057,"z":0.5665153861045837},"rotation":{"x":-0.1395351141691208,"y":0.45106813311576846,"z":-0.07163657248020172,"w":-0.878600001335144},"size":2.6974117755889894,"orthographic":true}