{"cameraMode":{"drawMode":0,"name":"Shaded","section":"Shading Mode"},"sceneLighting":true,"audioPlay":false,"sceneViewState":{"m_AlwaysRefresh":false,"showFog":true,"showSkybox":true,"showFlares":true,"showImageEffects":true,"showParticleSystems":true,"showVisualEffectGraphs":true,"m_FxEnabled":true},"in2DMode":false,"pivot":{"x":-0.3415917158126831,"y":4.033950328826904,"z":-0.5697689056396484},"rotation":{"x":-0.043484948575496677,"y":0.008093784563243389,"z":0.00035235084942542017,"w":0.999022901058197},"size":5.848337650299072,"orthographic":false}