{"cameraMode":{"drawMode":0,"name":"Shaded","section":"Shading Mode"},"sceneLighting":true,"audioPlay":false,"sceneViewState":{"m_AlwaysRefresh":false,"showFog":true,"showSkybox":true,"showFlares":true,"showImageEffects":true,"showParticleSystems":true,"showVisualEffectGraphs":true,"m_FxEnabled":true},"in2DMode":false,"pivot":{"x":10.289385795593262,"y":72.76556396484375,"z":16.06574821472168},"rotation":{"x":-0.025506392121315004,"y":0.05196661874651909,"z":0.000581283587962389,"w":0.9984989762306213},"size":13.392507553100586,"orthographic":true}