{"cameraMode":{"drawMode":0,"name":"Shaded","section":"Shading Mode"},"sceneLighting":true,"audioPlay":false,"sceneViewState":{"m_AlwaysRefresh":false,"showFog":true,"showSkybox":true,"showFlares":true,"showImageEffects":true,"showParticleSystems":true,"showVisualEffectGraphs":true,"m_FxEnabled":true},"in2DMode":false,"pivot":{"x":-2.0595316886901857,"y":31.89251708984375,"z":7.651456832885742},"rotation":{"x":0.034495726227760318,"y":-0.009856854565441609,"z":0.00041328062070533633,"w":0.9994180798530579},"size":41.51258087158203,"orthographic":true}