{"cameraMode":{"drawMode":0,"name":"Shaded","section":"Shading Mode"},"sceneLighting":true,"audioPlay":false,"sceneViewState":{"m_AlwaysRefresh":false,"showFog":true,"showSkybox":true,"showFlares":true,"showImageEffects":true,"showParticleSystems":true,"showVisualEffectGraphs":true,"m_FxEnabled":true},"in2DMode":false,"pivot":{"x":0.2779200077056885,"y":1.989966630935669,"z":-0.10268402099609375},"rotation":{"x":-0.02099466882646084,"y":-0.02490135468542576,"z":0.0005163061432540417,"w":-0.9994968771934509},"size":3.243088483810425,"orthographic":true}