{"cameraMode":{"drawMode":0,"name":"Shaded","section":"Shading Mode"},"sceneLighting":true,"audioPlay":false,"sceneViewState":{"m_AlwaysRefresh":false,"showFog":true,"showSkybox":true,"showFlares":true,"showImageEffects":true,"showParticleSystems":true,"showVisualEffectGraphs":true,"m_FxEnabled":true},"in2DMode":false,"pivot":{"x":36.81855392456055,"y":33.05608367919922,"z":-0.3701953887939453},"rotation":{"x":0.19457167387008668,"y":0.1415231078863144,"z":-0.029107285663485528,"w":0.9703142046928406},"size":74.59052276611328,"orthographic":true}