{"cameraMode":{"drawMode":0,"name":"Shaded","section":"Shading Mode"},"sceneLighting":true,"audioPlay":false,"sceneViewState":{"m_AlwaysRefresh":false,"showFog":true,"showSkybox":true,"showFlares":true,"showImageEffects":true,"showParticleSystems":true,"showVisualEffectGraphs":true,"m_FxEnabled":true},"in2DMode":false,"pivot":{"x":-3.334465503692627,"y":74.53020477294922,"z":3.3449249267578127},"rotation":{"x":0.04046531394124031,"y":-0.03446604683995247,"z":0.001390529447235167,"w":0.9985948204994202},"size":71.63639068603516,"orthographic":true}