{"cameraMode":{"drawMode":0,"name":"Shaded","section":"Shading Mode"},"sceneLighting":true,"audioPlay":false,"sceneViewState":{"m_AlwaysRefresh":false,"showFog":true,"showSkybox":true,"showFlares":true,"showImageEffects":true,"showParticleSystems":true,"showVisualEffectGraphs":true,"m_FxEnabled":true},"in2DMode":false,"pivot":{"x":2.5774145126342775,"y":3.3349008560180666,"z":-2.8420064449310304},"rotation":{"x":0.14647074043750764,"y":0.001483733532950282,"z":-0.00021988617663737386,"w":0.9892156720161438},"size":9.88856315612793,"orthographic":true}