{"cameraMode":{"drawMode":0,"name":"Shaded","section":"Shading Mode"},"sceneLighting":true,"audioPlay":false,"sceneViewState":{"m_AlwaysRefresh":false,"showFog":true,"showSkybox":true,"showFlares":true,"showImageEffects":true,"showParticleSystems":true,"showVisualEffectGraphs":true,"m_FxEnabled":true},"in2DMode":false,"pivot":{"x":0.7680660486221314,"y":22.40027618408203,"z":-3.851952314376831},"rotation":{"x":0.2156490534543991,"y":-0.03661394491791725,"z":0.008056476712226868,"w":0.9757950305938721},"size":7.2357659339904789,"orthographic":true}