{"cameraMode":{"drawMode":0,"name":"Shaded","section":"Shading Mode"},"sceneLighting":true,"audioPlay":false,"sceneViewState":{"m_AlwaysRefresh":false,"showFog":true,"showSkybox":true,"showFlares":true,"showImageEffects":true,"showParticleSystems":true,"showVisualEffectGraphs":true,"m_FxEnabled":true},"in2DMode":false,"pivot":{"x":1950.979736328125,"y":1003.9906616210938,"z":91.11932373046875},"rotation":{"x":0.02249486744403839,"y":0.019494812935590745,"z":-0.0004446263483259827,"w":0.9995740652084351},"size":158.89109802246095,"orthographic":true}