{"cameraMode":{"drawMode":0,"name":"Shaded","section":"Shading Mode"},"sceneLighting":true,"audioPlay":false,"sceneViewState":{"m_AlwaysRefresh":false,"showFog":true,"showSkybox":true,"showFlares":true,"showImageEffects":true,"showParticleSystems":true,"showVisualEffectGraphs":true,"m_FxEnabled":true},"in2DMode":false,"pivot":{"x":1963.7711181640625,"y":999.1973266601563,"z":97.38540649414063},"rotation":{"x":-0.03898150846362114,"y":0.02098275162279606,"z":0.0008189028012566268,"w":0.9990217089653015},"size":155.4137725830078,"orthographic":true}