{"cameraMode":{"drawMode":0,"name":"Shaded","section":"Shading Mode"},"sceneLighting":true,"audioPlay":false,"sceneViewState":{"m_AlwaysRefresh":false,"showFog":true,"showSkybox":true,"showFlares":true,"showImageEffects":true,"showParticleSystems":true,"showVisualEffectGraphs":true,"m_FxEnabled":true},"in2DMode":false,"pivot":{"x":-1.033897042274475,"y":6.235909938812256,"z":-9.769196510314942},"rotation":{"x":-0.04044628515839577,"y":-0.04735270515084267,"z":0.0019152665045112372,"w":-0.9980783462524414},"size":7.601066589355469,"orthographic":true}