{"cameraMode":{"drawMode":0,"name":"Shaded","section":"Shading Mode"},"sceneLighting":true,"audioPlay":false,"sceneViewState":{"m_AlwaysRefresh":false,"showFog":true,"showSkybox":true,"showFlares":true,"showImageEffects":true,"showParticleSystems":true,"showVisualEffectGraphs":true,"m_FxEnabled":true},"in2DMode":false,"pivot":{"x":-0.07225102186203003,"y":5.41090726852417,"z":-0.35039520263671877},"rotation":{"x":-0.03898150846362114,"y":0.02098275162279606,"z":0.0008189028012566268,"w":0.9990217089653015},"size":37.80137634277344,"orthographic":true}