{"cameraMode":{"drawMode":0,"name":"Shaded","section":"Shading Mode"},"sceneLighting":true,"audioPlay":false,"sceneViewState":{"m_AlwaysRefresh":false,"showFog":true,"showSkybox":true,"showFlares":true,"showImageEffects":true,"showParticleSystems":true,"showVisualEffectGraphs":true,"m_FxEnabled":true},"in2DMode":false,"pivot":{"x":9.290837287902832,"y":48.510215759277347,"z":16.011516571044923},"rotation":{"x":0.03746310621500015,"y":0.044095367193222049,"z":-0.0015802669804543257,"w":0.9983859658241272},"size":55.73154067993164,"orthographic":false}