{"cameraMode":{"drawMode":0,"name":"Shaded","section":"Shading Mode"},"sceneLighting":true,"audioPlay":false,"sceneViewState":{"m_AlwaysRefresh":false,"showFog":true,"showSkybox":true,"showFlares":true,"showImageEffects":true,"showParticleSystems":true,"showVisualEffectGraphs":true,"m_FxEnabled":true},"in2DMode":false,"pivot":{"x":-22.253585815429689,"y":266.9302062988281,"z":-0.81695556640625},"rotation":{"x":-0.0029931424651294948,"y":-0.05697022005915642,"z":-0.00018649015692062676,"w":0.9984041452407837},"size":78.52788543701172,"orthographic":true}