{"cameraMode":{"drawMode":0,"name":"Shaded","section":"Shading Mode"},"sceneLighting":true,"audioPlay":false,"sceneViewState":{"m_AlwaysRefresh":false,"showFog":true,"showSkybox":true,"showFlares":true,"showImageEffects":true,"showParticleSystems":true,"showVisualEffectGraphs":true,"m_FxEnabled":true},"in2DMode":false,"pivot":{"x":8.090204238891602,"y":5.862372875213623,"z":0.8422479629516602},"rotation":{"x":0.3208746612071991,"y":0.04328524321317673,"z":-0.015486217103898526,"w":0.9461464881896973},"size":24.769575119018556,"orthographic":true}