{"cameraMode":{"drawMode":0,"name":"Shaded","section":"Shading Mode"},"sceneLighting":true,"audioPlay":false,"sceneViewState":{"m_AlwaysRefresh":false,"showFog":true,"showSkybox":true,"showFlares":true,"showImageEffects":true,"showParticleSystems":true,"showVisualEffectGraphs":true,"m_FxEnabled":true},"in2DMode":false,"pivot":{"x":-1.6191291809082032,"y":9.337974548339844,"z":-4.590524673461914},"rotation":{"x":0.37029874324798586,"y":-0.03419327363371849,"z":0.012847300618886948,"w":0.9283838272094727},"size":18.671464920043947,"orthographic":true}